id,question,gold_answer,prediction,exact_match,f1,context_tokens,total_time_ms
5adc1af75542994650320c75,"In which year was this single by Cher, written by  Brian Higgins and included in the album The Very Best of Cher, released?",1998,1998,1.0,1.0,744,441.766184999949
5a866fa855429960ec39b6a5,Ella Purnell appeared in this 2014 film loosely based on what fairy tale?,"""Sleeping Beauty""","Ella Purnell appeared in ""Maleficent,"" which is loosely based on the fairy tale ""Maleficent.""",0.0,0.0,677,1064.5932539999876
5ae7954b554299540e5a5620,Who manufactured the scooter upon which the Bajaj Priya was based off of?,Piaggio,Vespa,0.0,0.0,355,207.2744269999589
5a89432b554299669944a519,What was the code name of the campaign where Joe Foss received a Medal of Honor?,Operation Watchtower,Guadalcanal Campaign,0.0,0.0,696,366.7273280000245
5ae1467a554299422ee99659,Rebecca M. Bergman is the President of a college affliated with what church?,Evangelical Lutheran Church,Seventh-day Adventist Church,0.0,0.28571428571428575,643,418.45526999992444
5a79305755429907847277dd,What prince is a claimant to the former throne of Italy and born in September 1943?,Prince Amedeo,"Prince Amedeo, Duke of Aosta",0.0,0.5714285714285715,939,584.0993219999859
5ac2c338554299657fa29039,How many personnel does the Navy that had Gilliam-class atttack transports have on active duty?,"322,421 personnel on active duty","107,577",0.0,0.0,720,461.6099730000087
5abc184a5542993a06baf863,Who directed the 2015 South Korean drama film starring Hwang Jung-min?,Lee Seok-hoon,"Lee Seok-hoon directed the 2015 South Korean drama film starring Hwang Jung-min titled ""The Himalayas"".",0.0,0.33333333333333337,503,1080.8399140000233
5ae5f82a554299546bf82feb,Who wrote the 2009 American home invasion horror film which Andrea Roth was known for her role in ,Marcus Dunstan,Marcus Dunstan and Patrick Melton,0.0,0.5714285714285715,614,423.73907999996163
5adf5daf5542995534e8c79d,Are Darren Benjamin Shepherd and Rémi Lange both American?,no,"No, Darren Benjamin Shepherd is not American, while Rémi Lange is French.",0.0,0.14285714285714288,550,717.6978310000095
5ae09b7055429906c02daae4,How did the singer of Pyramid rise to fame?,YouTube,"Jake Zyrus, who performed as Charice before transitioning, gained fame through his hit single ""Pyramid,"" which became his first number-one single in the United States. The song was part of his debut album and featured collaborations with international artists like Iyaz.",0.0,0.0,812,2106.6424360000156
5a7d598d5542995f4f402262,"Which director was also a film editor, Burton L. King or Maheen Zia?",Maheen Zia,Maheen Zia,1.0,1.0,643,353.4628459999567
5abb01025542992ccd8e7eab,Who supervised the sting operation that implicated Evelyn Dawn Knight?,Federal Bureau of Investigation,"Assistant Director Neil J. Welch, who headed the bureau's New York division, and Thomas P. Puccio, head of the Justice Department's Organized Crime Strike Force for the Eastern District of New York.",0.0,0.1142857142857143,731,1724.0243140000189
5ac3e0f7554299194317388b,Which actor does American Beauty and American Beauty have in common?,Kevin Spacey,Kevin Spacey,1.0,1.0,634,287.7427969999644
5a710a1e5542994082a3e4fd,"What is the genus of the viral disease that has symptoms such as fever, chills, loss of appetite, nausea, muscle pains, and headaches, and has a chance of causing liver damage?",Flavivirus,Flavivirus,1.0,1.0,654,300.0484070000198
5ab29cef554299449642c936,In which year was the University where Joost Alois Businger is an emeritus professor established ?,1861,1964,0.0,0.0,496,287.04700099996217
5ae26cb15542994d89d5b421,Charlie McDermott plays Axl Heck on a tv show that premiered in what date? ,"September 30, 2009","June 8, 2013",0.0,0.0,657,504.82194200003505
5a7a11c85542996a35c170b4,What is the English translation of the name of the novel series which the Four III is the final installment of?,"""The Four Great Constables""","The Four III is the final installment of the trilogy based on Woon Swee Oan's novel series titled ""The Four Great Constables.""",0.0,0.2727272727272727,688,1241.0525579999785
5adf51e05542995534e8c78a,What is Diego Tonetto's Italian passport called?,Italian nationality law,Diego Tonetto's Italian passport is referred to as an Italian fiscal code card.,0.0,0.125,462,717.8783420000627
5a7a68d25542996c55b2dd98,How is the namesake of The Mountbatten Institute related to Elizabeth II?,second cousin once removed,"Louis Mountbatten, 1st Earl Mountbatten of Burma, was an uncle of Prince Philip, Duke of Edinburgh, and second cousin once removed of Elizabeth II.",0.0,0.29629629629629634,615,1448.4664190000558
5ae2c416554299492dc91c67,"Which American actor portray Steve Urkel in ""Family Matters""",Jaleel Ahmad White,Jaleel White,0.0,0.8,717,342.517684000029
5a734ca85542994cef4bc51b,Alhambra and Tsuro are both examples of what type of game?,tile-based board game,Tile-based board game,1.0,1.0,534,298.8505239999881
5a8b3af455429971feec467b,Blinding Edge Pictures produced which 2000 film starring Bruce Willis?,Unbreakable,"Blinding Edge Pictures produced the 2000 film ""Unbreakable,"" starring Bruce Willis.",0.0,0.18181818181818182,792,967.016626999964
5a7f9cbd5542994857a7677c,"Aside from the Ivorian who was born in 1986, what other big name footballer has gone through the FC Bibo?","Feyenoord's Sekou Cissé, WS Woluwe's Bassilia Sakanoko, UTA Arad's Leoh Digbeu",Sekou Cissé,0.0,0.25,750,440.67545399997243
5a8ac0595542992d82986f6c,"Which minor role did this New Zealand storyboard artist play in the film ""King Kong"" who will direct the film based on the novel by Philip Reeve?",Gondorian soldier,Soldier in Truck,0.0,0.4,807,395.9690739999928
5a7bb52355429927d897c01a,"The song by English indie rock band Florence and the Machine written by Florence Welch and Francis ""Eg"" White and released in 2011 is named after the painting which was completed in which year?",1938,1928,0.0,0.0,818,403.14767300003496
5a753ff455429916b01642bc,"Who died more recently, Lincoln Steffens, or Monique Wittig?",Monique Wittig,"Monique Wittig died more recently than Lincoln Steffens. Monique Wittig passed away on January 3, 2003, while Lincoln Steffens died on August 9, 1936.",0.0,0.15384615384615385,563,1799.3485300000316
5a8242c155429940e5e1a81d,Where was the author of Thoughts of Machiavelli born?,Germany,"Pittsburgh, Pennsylvania",0.0,0.0,635,367.9030249999755
5aba7cb455429901930fa7eb,What honor has been received by both a former NASA Astronaut and the Founder of FlightSafety International?,National Aviation Hall of Fame,Enshrinement in the National Aviation Hall of Fame.,0.0,0.8333333333333333,725,665.5230459999757
5ae34b275542992e3233c371,Which award David Hersey had got for Equus a play by Peter Shaffer ?,Outstanding Lighting Design,Tony Award,0.0,0.0,523,234.82890299999326
